{"train/box_loss": 0.0, "train/seg_loss": 0.0, "train/cls_loss": 52.0833, "train/dfl_loss": 0.0, "_timestamp": 1707862976.2717855, "lr/pg0": 0.00045953040000000007, "lr/pg1": 0.00045953040000000007, "lr/pg2": 0.00045953040000000007, "metrics/precision(B)": 0.0, "metrics/recall(B)": 0.0, "metrics/mAP50(B)": 0.0, "metrics/mAP50-95(B)": 0.0, "metrics/precision(M)": 0.0, "metrics/recall(M)": 0.0, "metrics/mAP50(M)": 0.0, "metrics/mAP50-95(M)": 0.0, "val/box_loss": 0.0, "val/seg_loss": 0.0, "val/cls_loss": 7184.0, "val/dfl_loss": 0.0, "train_batch0": {"_type": "image-file", "sha256": "b9d3788cb8aee85401f1b8f3f3bc0f6710d82914aaf9099835e71728d5fa92c6", "size": 503853, "path": "media/images/train_batch0_1_b9d3788cb8aee85401f1.jpg", "format": "jpg", "width": 1920, "height": 1920}, "train_batch1": {"_type": "image-file", "sha256": "729c60ae3aa882ec1709c06d8fb763675b68a585383fd8d8671305880e1d759d", "size": 489741, "path": "media/images/train_batch1_1_729c60ae3aa882ec1709.jpg", "format": "jpg", "width": 1920, "height": 1920}, "train_batch2": {"_type": "image-file", "sha256": "c68d2a78f0f47052d5ba4887402f14654c3cc7c60e086ae23d4370f49dc92aea", "size": 486068, "path": "media/images/train_batch2_1_c68d2a78f0f47052d5ba.jpg", "format": "jpg", "width": 1920, "height": 1920}, "model/parameters": 3265566, "model/GFLOPs": 12.119, "model/speed_PyTorch(ms)": 12.009, "_runtime": 54.66237139701843, "_step": 74}