                  epoch,         train/box_loss,         train/cls_loss,         train/dfl_loss,   metrics/precision(B),      metrics/recall(B),       metrics/mAP50(B),    metrics/mAP50-95(B),           val/box_loss,           val/cls_loss,           val/dfl_loss,                 lr/pg0,                 lr/pg1,                 lr/pg2
                      1,                 1.3387,                 4.3467,                0.93611,                0.00674,                      1,                0.00942,                0.00733,                0.64938,                 4.0599,                0.80681,             0.00010002,             0.00010002,             0.00010002
                      2,                 1.2082,                 3.1876,                0.85335,                0.00673,                      1,                0.01115,                0.00817,                0.71014,                 3.9446,                0.80586,             0.00010944,             0.00010944,             0.00010944
