{"train/box_loss": 0.0, "train/seg_loss": 0.0, "train/cls_loss": 76.55905, "train/dfl_loss": 0.0, "_timestamp": 1707864522.913313, "lr/pg0": 0.00031815839999999995, "lr/pg1": 0.00031815839999999995, "lr/pg2": 0.00031815839999999995, "metrics/precision(B)": 0.0, "metrics/recall(B)": 0.0, "metrics/mAP50(B)": 0.0, "metrics/mAP50-95(B)": 0.0, "metrics/precision(M)": 0.0, "metrics/recall(M)": 0.0, "metrics/mAP50(M)": 0.0, "metrics/mAP50-95(M)": 0.0, "val/box_loss": 0.0, "val/seg_loss": 0.0, "val/cls_loss": 17.21875, "val/dfl_loss": 0.0, "train_batch0": {"_type": "image-file", "sha256": "463e771234bb2bd29c145fc2ae35a9a861baafa4ab41061fa723abf4e0579aa6", "size": 501504, "path": "media/images/train_batch0_1_463e771234bb2bd29c14.jpg", "format": "jpg", "width": 1920, "height": 1920}, "train_batch1": {"_type": "image-file", "sha256": "a165d94edf07e0f3c90e72424aa39d72c1cd72fabab44c9565563ff5008abeff", "size": 445044, "path": "media/images/train_batch1_1_a165d94edf07e0f3c90e.jpg", "format": "jpg", "width": 1920, "height": 1920}, "model/parameters": 3265566, "model/GFLOPs": 12.119, "model/speed_PyTorch(ms)": 27.765, "_runtime": 63.50002598762512, "_step": 114, "train_batch2": {"_type": "image-file", "sha256": "11c13c0dd519bc3809b9ca4f073a0661b4e44d40e4182a0c05769686dd7a59b3", "size": 486689, "path": "media/images/train_batch2_2_11c13c0dd519bc3809b9.jpg", "format": "jpg", "width": 1920, "height": 1920}}