{"train/box_loss": 0.0, "train/seg_loss": 0.0, "train/cls_loss": 76.2261, "train/dfl_loss": 0.0, "_timestamp": 1707859408.184775, "lr/pg0": 0.0006256425, "lr/pg1": 0.0006256425, "lr/pg2": 0.0006256425, "metrics/precision(B)": 0.0, "metrics/recall(B)": 0.0, "metrics/mAP50(B)": 0.0, "metrics/mAP50-95(B)": 0.0, "metrics/precision(M)": 0.0, "metrics/recall(M)": 0.0, "metrics/mAP50(M)": 0.0, "metrics/mAP50-95(M)": 0.0, "val/box_loss": 0.0, "val/seg_loss": 0.0, "val/cls_loss": 20.8125, "val/dfl_loss": 0.0, "train_batch0": {"_type": "image-file", "sha256": "8562702cd533e3b31baffcab1bb61261dd29797371d0a587cfee7e7fe8df04e5", "size": 504057, "path": "media/images/train_batch0_1_8562702cd533e3b31baf.jpg", "format": "jpg", "width": 1920, "height": 1920}, "train_batch1": {"_type": "image-file", "sha256": "d3b5d042a9671f04af74b60d71e26faefe5213086380708409a7b81d7de608bc", "size": 491436, "path": "media/images/train_batch1_1_d3b5d042a9671f04af74.jpg", "format": "jpg", "width": 1920, "height": 1920}, "train_batch2": {"_type": "image-file", "sha256": "a8b75d0d2107d1215945cf5780b46f7ac50ca2d7c976708bb47a3517a73baee4", "size": 481869, "path": "media/images/train_batch2_1_a8b75d0d2107d1215945.jpg", "format": "jpg", "width": 1920, "height": 1920}, "model/parameters": 3265566, "model/GFLOPs": 12.119, "model/speed_PyTorch(ms)": 11.403, "_runtime": 27.54781413078308, "_step": 26}