{"train/box_loss": 0.0, "train/seg_loss": 0.0, "train/cls_loss": 54.18122, "train/dfl_loss": 0.0, "_timestamp": 1707864993.5271974, "lr/pg0": 0.0003004869, "lr/pg1": 0.0003004869, "lr/pg2": 0.0003004869, "metrics/precision(B)": 0.0, "metrics/recall(B)": 0.0, "metrics/mAP50(B)": 0.0, "metrics/mAP50-95(B)": 0.0, "metrics/precision(M)": 0.0, "metrics/recall(M)": 0.0, "metrics/mAP50(M)": 0.0, "metrics/mAP50-95(M)": 0.0, "val/box_loss": 0.0, "val/seg_loss": 0.0, "val/cls_loss": 13.10938, "val/dfl_loss": 0.0, "train_batch0": {"_type": "image-file", "sha256": "cb2b8b907924494c0e3ed47fbe176c26d7b643d2469694186ece4499944f49d2", "size": 501823, "path": "media/images/train_batch0_1_cb2b8b907924494c0e3e.jpg", "format": "jpg", "width": 1920, "height": 1920}, "train_batch1": {"_type": "image-file", "sha256": "22bdf44deec38b63a60b484f164c03e491afd85cc35ce5aee244dc5017face9e", "size": 487754, "path": "media/images/train_batch1_1_22bdf44deec38b63a60b.jpg", "format": "jpg", "width": 1920, "height": 1920}, "train_batch2": {"_type": "image-file", "sha256": "64a9ac365085ba3c6b96d9f304b21b4142de7dc3553aeb8e37fb0e0b146e38cd", "size": 423341, "path": "media/images/train_batch2_1_64a9ac365085ba3c6b96.jpg", "format": "jpg", "width": 1920, "height": 1920}, "model/parameters": 3265566, "model/GFLOPs": 12.119, "model/speed_PyTorch(ms)": 27.848, "_runtime": 79.92134141921997, "_step": 119}