{"train/box_loss": 0.0, "train/seg_loss": 0.0, "train/cls_loss": 105.27245, "train/dfl_loss": 0.0, "_timestamp": 1707865315.7679694, "lr/pg0": 0.000228870915, "lr/pg1": 0.000228870915, "lr/pg2": 0.000228870915, "metrics/precision(B)": 0.0, "metrics/recall(B)": 0.0, "metrics/mAP50(B)": 0.0, "metrics/mAP50-95(B)": 0.0, "metrics/precision(M)": 0.0, "metrics/recall(M)": 0.0, "metrics/mAP50(M)": 0.0, "metrics/mAP50-95(M)": 0.0, "val/box_loss": 0.0, "val/seg_loss": 0.0, "val/cls_loss": 16.10938, "val/dfl_loss": 0.0, "train_batch0": {"_type": "image-file", "sha256": "b059bf6fa2f77700649fca3dcd94a4f6f1d345af65bf2315dcadb5e23f3c8812", "size": 503159, "path": "media/images/train_batch0_1_b059bf6fa2f77700649f.jpg", "format": "jpg", "width": 1920, "height": 1920}, "train_batch1": {"_type": "image-file", "sha256": "bb7d73671b99ea50f9f3a7b504319876a342f08c2593dc469ad4cafb8df83739", "size": 413159, "path": "media/images/train_batch1_1_bb7d73671b99ea50f9f3.jpg", "format": "jpg", "width": 1920, "height": 1920}, "model/parameters": 3265566, "model/GFLOPs": 12.119, "model/speed_PyTorch(ms)": 42.323, "_runtime": 19.121166467666626, "_step": 18, "train_batch2": {"_type": "image-file", "sha256": "19d0d41730f856ed9de9bd801088fac98d8a6a6b566402ff16346ff51250d9db", "size": 478940, "path": "media/images/train_batch2_2_19d0d41730f856ed9de9.jpg", "format": "jpg", "width": 1920, "height": 1920}}